[
    {
        "name": "twilio/sdk",
        "version": "5.32.0",
        "version_normalized": "5.32.0.0",
        "source": {
            "type": "git",
            "url": "https://github.com/twilio/twilio-php.git",
            "reference": "ebdc82a11e86021fa54821c4aa9e4df5c6ee75a4"
        },
        "dist": {
            "type": "zip",
            "url": "https://api.github.com/repos/twilio/twilio-php/zipball/ebdc82a11e86021fa54821c4aa9e4df5c6ee75a4",
            "reference": "ebdc82a11e86021fa54821c4aa9e4df5c6ee75a4",
            "shasum": ""
        },
        "require": {
            "php": ">=5.5.0"
        },
        "require-dev": {
            "apigen/apigen": "^4.1",
            "phpunit/phpunit": "4.5.*"
        },
        "time": "2019-05-15T19:17:51+00:00",
        "type": "library",
        "installation-source": "dist",
        "autoload": {
            "psr-4": {
                "Twilio\\": "Twilio/"
            }
        },
        "notification-url": "https://packagist.org/downloads/",
        "license": [
            "MIT"
        ],
        "authors": [
            {
                "name": "Twilio API Team",
                "email": "api@twilio.com"
            }
        ],
        "description": "A PHP wrapper for Twilio's API",
        "homepage": "http://github.com/twilio/twilio-php",
        "keywords": [
            "api",
            "sms",
            "twilio"
        ]
    }
]
